{
  "logistic_regression": {
    "accuracy": 0.6953143966982277,
    "precision": 0.20681986656782803,
    "recall": 0.6012931034482759,
    "f1": 0.30777716492002205,
    "roc_auc": 0.7191390218878249
  },
  "random_forest": {
    "accuracy": 0.8362466618111192,
    "precision": 0.2714440825190011,
    "recall": 0.26939655172413796,
    "f1": 0.2704164413196322,
    "roc_auc": 0.6544122069437237
  },
  "grad_boost": {
    "accuracy": 0.8949987861131342,
    "precision": 0.6019417475728155,
    "recall": 0.20043103448275862,
    "f1": 0.30072756669361356,
    "roc_auc": 0.7219973524694561
  }
}